a little,poco
a lot,mucho
abdomen,el abdomen
abortion,aborto
about,sobre
about to do sthg,estar a punto de
above,encima de
abroad,ir al extranjero
absent,ausente
absolutely,absolutamente
abuse,abusar de
accelerator,el acelerador
accent,acento
accept,aceptar
access,tener acceso a…
accident,accidente
accommodation,alojamiento
accompany,acompañar
accomplish,conseguir
according,según
account,la cuenta
accountant,contable
accurate,preciso
accuse,acusar a alguien de algo
ache,el dolor
acid,ácido
action,acción
active,activo
activity,actividad
actor,actor
adaptor,adaptador
add,añadir
addicted,ser adicto a
address,la dirección
advertisement,anuncio
adjust,ajustar
admission,admisión
admit,confesar
adolescent,adolescente
adopt,adoptar
adult,adulto
adultery,adulterio
advance,por adelantado
advanced,avanzado
advantage,ventaja
adventure,aventura
advice,consejo
advise,aconsejar
aerial,antena
affect,afectar
affection,el cariño
afford,poder permitirse algo
afraid,asustado
afraid,tener miedo de
after,después de
after,después de todo
afternoon,tarde
afterwards,después
again,otra vez
against,contra
age,edad
agency,agencia
agent,agente
aggressive,agresivo
ago,hace una semana
agree,estar de acuerdo
aim,objetivo
air,el aire
air base,base aérea
air filter,el filtro
air force,fuerza aérea
air mail,correo aéreo
airline,línea aérea
airplane,el avión
airport,aeropuerto
aisle,el pasillo
alarm,alarma
alarm clock,el despertador
album,álbum
alcohol,alcohol
alcoholic,alcohólico
algebra,el álgebra
alibi,coartada
alien,el extraterrestre
alive,vivo
all,todo
all right,¿de acuerdo
allergic to,alérgico a
allergy,alergia
alligator,el caimán
allow,permitir
almonds,almendras
almost,casi
alone,solo
aloud,en voz alta
alphabet,alfabeto
already,ya
alright,bien
also,también
although,aunque
always,siempre
ambassador,embajador
ambition,ambición
ambitious,ambicioso
ambulance,la ambulancia
american,americano
amount,cantidad
amusing,divertido
analyze,analizar
ancestors,antepasados
anchor,ancla
and,y
angel,ángel
angle,ángulo
angry,colérico
animal,animal
ankle,el tobillo
announce,anunciar
annoy,molestar
annoying,pesado
answer,respuesta
answer,responder
answering machine,contestador automático
ant,la hormiga
antenna,la antena
antler,el cuerno
any,cualquier
anybody,cualquiera
anything,cualquier cosa
anyway,de todos modos
anywhere,dondequiera
apartment,apartamento
apartment building,los apartamentos
appear,aparecer
appearance,apariencia
appetite,apetito
appetizer,el aperitivo
applaud,aplaudir
apple,la manzana
application,aplicación
apply,aplicar
appointment,cita
apprentice,aprendiz
apricot,el albaricoque
april,abril
arab,árabe
arabic,árabe
architect,el arquitecto
argentina,argentina
arm,el brazo
armchair,la butaca
armrest,el descanso brazo
arms,armas
army,ejército
around,alrededor de
arrange,organizar
arrest,detener
arrival,la llegada
arrive,llegar
arrogant,arrogante
art,el arte
art gallery,galería de arte
artichoke,la alcachofa
as,como
as,como si
as much,tanto(a
as,tan
ashamed,avergonzado
ashtray,cenicero
ask,preguntar
asparagus,los espárragos
ass,asno
asset,ventaja
asshole,idiota
asterisk,asterisco
asteroid,el asteroide
asthma,asma
astronaut,la astronauta
astronaut,el astronauta
at,en
athlete,la deportista
athlete,el deportista
athletic supporter,el suspensorio
atm,cajeros automáticos
attach,adjuntar
attention,la atención
attitude,actitud
attorney,el abogado
attractive,guapo
august,agosto
aunt,la tía
australia,australia
author,autor
authorization,la autorización
autumn,otoño
available,disponible
avenue,avenida
avocado,aguacate
avoid,evitar
awesome,impresionante
awful,espantoso
ax,hacha
baby,el bebé
babysitter,la canguro
back,atrás
back,la espalda
backpack,la mochila
backyard,jardín trasero
bacon,el tocino
bad,mal
bad weather,mal tiempo
badge,la insignia
badly,mal
bag,la bolsa
baggage,el equipaje
bake,cocer al horno
baker's,panadería
bakery,la panadería
balcony,balcón
bald,calvo
ball,el balón
balloon,globo
banana,el plátano
band,grupo
band aid,la curita
bandage,venda
bank,el banco
bank statement,extracto bancario
banker,el banquero
bar,el bar
bar,barra
barber,el barbero
barefoot,descalzo
barely,apenas
bargain,ganga
bargain,negociar
bark,ladrar
barrel,tonel
barren,yermo
baseball,el béisbol
basic,básico
basically,en principio
basket,cesta
basketball,el baloncesto
basketball hoop,una canasta
bat,el murciélago
bat,un bate
bath,bañarse
bathing suit,un traje de baño
bathroom,el cuarto de baño
bathtub,la bañera
battery,la pila
bay,la bahía
be,ser
beach,la playa
beak,el pico
beans,las habas
beans,los frijoles
beans,los frijoles
bear,el oso
bear,soportar
beard,barba
beat,golpear
beautiful,bello
beauty,belleza
beaver,castor
because,porque
become,hacerse
bed,la cama
bedroom,el dormitorio
bedtime,hora de acostarse
bee,la abeja
beef,la carne de res
beer,cerveza
beet,la remolacha
beetle,el escarabajo
before,antes
beg,mendigar
beggar,mendigo
begin,empezar
beginner,principiante
beginning,comienzo
behave,comportarse
behavior,comportamiento
behind,detrás de
belief,creencia
believe,creer
believer,creyente
bell,campana
belong to,pertenecer a
below,debajo
belt,el cinturón
bench,la banca
bend,doblar
beret,la boina
beside,al lado de
besides,además
best,el mejor
bet,apostar
betray,traicionar
better,mejor
between,entre
beverages,las bebidas
bib,el babero
bible,biblia
bicycle,bicicleta
big,grande
bill,cuenta
bin,cubo
binoculars,prismáticos
bird,el pájaro
birth,nacimiento
birthday,cumpleaños
birthday card,la tarjeta de cumpleaños
biscuit,galleta
bison,el bisonte
bit,un poco de
bitch,zorra
bite,mordisco
bite,morder
bitter,amargo
black,negro
black eye,el ojo morado
black hole,el agujero negro
blackberry,la zarzamora
blackmail,chantajear
blade,cuchilla
blame,culpar
blanket,la manta
bleach,lejía
bleed,sangrar
blender,licuadora
blind,ciego
blocked,cortado
blocks,los bloques
blood,sangre
blood group,grupo sanguíneo
blouse,la blusa
blue,azul
boast,jactarse
boat,barco
body,cuerpo
bodyguard,guardaespaldas
boil,hervir
boiled eggs,huevos cocido
bolivia,bolivia
bomb,bomba
bomb,bombardear
bone,hueso
book,el libro
book,reservar
bookcase,el estante para libros
bookstore,la librería
boots,las botas
border,borde
bored,aburrido
boring,aburrido
borrow,pedir prestado
boss,jefe
botany,la botánica
both,ambos
bother,molestar
bottle,la bnotella
bowl,escudilla
box,la caja
boxing,el boxeo
boy,el chico
boyfriend,novio
bra,sujetador
bracelet,la pulsera
brackets,corchete
brain,cerebro
brake,el freno
brand,marka
brave,valiente
bread,el pan
bread shop,la panadería
break,romper
breakable,frágil
breakdown,avería
breakfast,el desayuno
breast,seno
breath,respiración
breathe,respirar
breeze,una brisa
bricks,ladrillos
bride,novia
bridegroom,novio
bridge,puente
briefcase,cartera
bring,traer
britain,gran bretaña
british,británico
broad,ancho
broccoli,el brócoli
brochure,folleto
broke,arruinado
broken,roto
broom,la escoba
brother,el hermano
brown,marrón
bruises,golpes
brush,el cepillo
bucket,el cubo
bud,el botón
buddy,amigote
budget,presupuesto
buffet,cafetería
bug,bicho
build,construir
building,el edificio
bulb,la bombilla
bull,el toro
bullet,bala
bullfighter,torero
bullshit,gilipollez
burden,carga
burn,la quemadura
burn,quemar
burp,eructar
bus,el autobús
bus stop,la parada de autobús
bush,el arbusto
business,los negocios
business man,hombre de negocios
busy,ocupado
but,pero
butcher's,la carnicería
butt,trasero
butter,la mantequilla
butterfly,la mariposa
buttocks,las nalgas
button,botón
buy,comprar
by,de memoria
by,por
by bicycle,en bicicleta
by boat,en barco
by bus,en autobús
by car,en coche
by motorcycle,en motocicleta
by plane,en avión
by subway,en metro
by taxi,en taxi
by train,en tren
bye,adiós
cabbage,la col
cabinet,el gabinete
cable,el cable
cactus,el cactus
café,el café
cage,jaula
cake,pastel
cake shop,la pastelería
calculator,calculadora
calf,el becerro
call,llamada
call,llamar
calm,calmo
calm,calmar
camel,camello
camera,cámara
camisole,el bustillo
camping,ir de campada
can,la lata
can,poder
can opener,abrelatas
canada,canadá
cancel,cancelar
cancer,cáncer
candle,candela
candy,los dulces
candy store,la confitería
canned goods,los productos enlatados
cap,la gorra
capital,capital
car,el carro
caravan,caravana
card,tarjeta
card,el naipe
cardinal,el cardenal
care,cuidado
care,importar
career,carrera
careful,cuidadoso
carpenter,el carpintero
carpet,la alfombra
carrot,la zanahoria
carry,llevar
cart,carrito
carton,el cartón
cartoon,caricatura
carve,tallar
case,asunto
case,por si
cash,dinero en efectivo
cash,cobrar en efectivo
cashier,cajero
casino,casino
cassette,casete
cast,el enyesado
castle,castillo
cat,el gato
catch,coger
catch up on,recuperar
category,categoría
caterpillar,el gusano de seda
catholic,católico
cauliflower,la coliflor
cause,provocar
caution,prudencia
cautious,prudente
cave,cueva
ceiling,el techo
celebrate,celebrar
celery,el apio
cell phone,un teléfono celular
cement,pegamento
cemetery,cementerio
center,centro
central heating,calefacción central
century,siglo
cereals,los cereales
certain,cierto
certainly,naturalmente
certificate,certificado
chain,la cadena
chair,la silla
chameleon,el camaleón
champion,la campeona
champion,el campeón
championship,el campeonato
chance,la oportunidad
chance,por casualidad
chandelier,el candil
change,el cambio
change,suelto
change,cambiar
channel,canal
charge,el coste
charge,cobrar
charger,cargador
charming,encantador
cheap,barato
check,cheque
check,el cheque
check,verificar
check in,registrarse
check out,dejar el hotel
checklist,lista de verificación
cheek,la mejilla
cheerful,alegre
cheers,salud
cheese,el queso
chemistry,la química
cherries,cerezas
chess,ajedrez
chest,el pecho
chest of drawers,el gavetero
chestnut,castaña
chewing gum,chicle
chicken,el pollo
child,chico
childhood,infancia
children,los niños
chile,chile
chimney,la chimenea
china,china
china cabinet,el chinero
chipmunk,la ardillita
chips,las patatas fritas
chisel,el formón
chocolate,chocolate
choose,escoger
choose,elige
chops,las chuletas
christian,cristiano
christianity,cristiandad
christmas,navidad
church,iglesia
cigarettes,cigarrillos
cinema,cine
circus,circo
citizenship,ciudadanía
city,ciudad
clamp,el tornillo
clams,almejas
classroom,aula
clean,limpio
clean,limpiar
cleanliness,la limpieza
cleansing cream,crema limpiadora
clear,claro
clearly,claramente
cleats,unos zapatos de fútbol
clerk,dependiente
clever,listo
click,haz clic
climb,subir
clock,reloj
close,cerrar
close to,cerca
closed,cerrado
closet,el armario
clothes,los vestidos
clothes hanger,el gancho
clothing,la ropa
clothing store,la ropería
clouds,nubes
cloudy,está nublado
club,club
clutch,el embrague
coach,autocar
coast,la costa
coat,chaqueta
cockroach,la cucaracha
coconut,el coco
cocoon,el capullo
coffee,café
coffee table,la mesita central
coffeepot,la cafetera
coins,monedas
colander,el colador
cold,frío
cold,resfriado
collar,el cuello
collect call,llamada a cobro revertido
college,universidad
color,color
columbia,colombia
comb,el peine
come,venir
come back,regresar
come in,entrar
come on,vamos
comet,el cometa
comfortable,cómodo
company,compañía
competition,la competición
complain,quejarse
complaint,queja
complementary,complementario
complete,completo
complete,completar
compose,redactar
computer,el computador
conceited,presumido
concert,el concierto
conditioner,el suavizante
condom,preservativo
conductor,el conductor
conference,conferencia
confirm,confirmar
congratulate,felicitar
congratulations,congratulación
connect,conectar
conservative,conservador
constellation,la constelación
constipated,estreñido
consulate,consulado
contact,ponerse en contacto
contented,contento
continent,el continente
continue,continuar
conversation,conversación
cook,el cocinero
cook,cocinar
cookies,galletas
cool,fresco
coping saw,la sierra de calar
copper,cobre
copy,copia
copy,copiar
cord,cordón
corn,el maíz
corner,la esquina
correct,correcto
correct,corregir
correctly,correctamente
cost,costo
cost,costar
costa rica,costa rica
cotton,algodón
couch,el diván
cough,toser
count,contar
country,el país
couple,pareja
coupon,cupón
court,corte
cousin,la prima
cousin,el primo
cover,cubierta
cover,cubrir
covered,cubierto
cow,la vaca
coward,cobarde
crab,cangrejo
crackers,la galleta
cradle,la cuna mecedora
crash,colisionar
crazy,loco
cream,crema
credit,crédito
credit card,tarjeta de crédito
crib,la cuna
cricket,el grillo
crime,crimen
crocodile,el cocodrilo
cross,cruz
cross,cruzar
crosswalk,la vía peatonal
crow,el cuervo
crowded,concurrido
crude,bruto
cruel,cruel
cruise,crucero
crutch,la muleta
cry,grito
cry,llorar
cuba,cuba
cucumber,el pepino
cufflinks,las mancuernas
culture,cultura
cup,la taza
currency,moneda circulante
current,actual
curtain,la cortina
curtain rod,el cortinero
customer,cliente
customs officer,la aduana
cut,cortar
cute,lindo
dance,bailar
dandruff,caspa
danger,peligro
dangerous,peligroso
dark,oscuro
darling,querida
dash,raya
database,base de datos
date,fecha
daughter,la hija
day,día
dead,muerto
deadline,fecha tope
dear,querido
death,muerte
decaff,descafeinado
december,diciembre
deck,la asoleadera
declare,declarar
deep,profundo
deer,el ciervo
defendant,el acusado
defrost,descongelar
delay,retraso
delete,suprimir
delicious,delicioso
den,el gabinete
dentist,el dentista
deodorant,desodorante
department store,los grandes almacenes
departure,la salida
deposit,depósito
depth,profundidad
desert,el desierto
desk,el escritorio
dessert,el postre
details,los detalles
detergent,detergente
develop,desarrollar
devote oneself to,dedicarse
diabetic,diabético
dial,marcar el número
dialing code,prefijo
diamond,diamante
diaper,el pañal
diarrhea,diarrea
diary,agenda
dictionary,el diccionario
die,morir
diesel,gasoil
diet,régimen
difference,diferencia
different,distinto
difficult,difícil
dig,cavar
dine,cenar
dining room,el comedor
dinner,la cena
directions,indicaciones
directly,directamente
director,director
dirty,sucio
disabled,inválido
disabled people,personas incapacitadas
disagree,estar en desacuerdo
disappear,desaparecer
disco,discoteca
discount,descuento
discover,descubrir
discuss,discutir
dish,el plato
dishwasher,el lavaplatos
disinfectant,desinfectante
disk,disco
disposable,desechable
distance,distancia
disturb,perturbar
divide,dividir
divided,dividido
divorce,divorcio
divorce,divorciarse
divorced,divorciado
dizzy,mareado
do,hacer
doctor,el doctor
documents,documentos
dog,el perro
doll,muñeca
donkey,el burro
door,la puerta
door handle,la manija
door lock,el seguro
dope,drogar
double,doble
double bed,cama de matrimonio
dove,la paloma
down,abajo
download,bajar
downstairs,la planta baja
downtown,centro de la ciudad
drag,arrastrar
dragonfly,la libélula
drain,el desagüe
drainer,la vaporera
drains,alcantarillado
draught,la corriente
draw,dibujar
drawing,el dibujo
dream,sueño
dream,sonar ambicionar
dress,el vestido
dress up,vestirse
dresser,el tocador
drink,bebida
drink,beber
drinking water,el agua potable
drive,conducir
driver,conductor
driveway,la entrada de carros
driving license,carné de conducir
drown,ahogase
drug,droga
drugstore,la droguería
drum,tambor
drunk,borracho
drunk,emborracharse
dry,seco
dry,secar
dryer,la secadora
duck,el pato
due to,debido a
dune,la duna
during,durante
dust,el polvo
dust,sacudir
dust cloth,el paño
dustpan,el recogedor
dusty,cobierto de polvo
duty,obligación
duty,estar de servicio
e,p
e,u
each,cada
eagle,el águila
ear,la oreja
earlier,antes
early,temprano
earn,ganar
earnings,las ganancias
earth,tierra
earthquake,terremoto
easily,fácilmente
easy,fácil
eat,comer
eclipse,el eclipse
economize,economizar
economy,economía
ecuador,ecuador
edge,borde
edition,edición
educate,educar
educated,culto
education,educación
eel,la anguila
effect,efecto
effective,efectivo
effort,esfuerzo
egg,huevo
eggplant,la berenjena
egoist,egoísta
egypt,egipto
eight,ocho
eighteen,dieciocho
eighteenth,décimo octavo
eighth,octavo
eightieth,octogésimo
eighty,ochenta
either one,cualquiera de los dos
elastic,elástico
elbow,el codo
election,elección
electric,eléctrico
electric razor,la maquinilla de afeitar
electrician,el electricista
electricity,electricidad
elegant,elegante
element,elemento
elementary school,escuela primaria
elephant,el elefante
elevator,el ascensor
eleven,once
eleventh,undécimo
eloquent,elocuente
else,lo demás
embargo,embargo
embarrass,avergonzar
embarrassed,avergonzado
embassy,embajada
emergency,emergencia
emergency exit,salida de emergencia
emotion,emoción
empire,imperio
employee,empleado
employer,patrón
empty,vacío
encourage,animar
encyclopedia,enciclopedia
end,fin
end,acabar
endless,interminable
enemy,enemigo
energy,energía
engaged,prometido
engine,el motor
engineer,el ingeniero
england,inglaterra
english,ingles
enjoy,disfrutar
enough,bastante
enquiry desk,información
enroll,matricularse
enter,entrar
entertain,entretener
entertainments,los espectáculos
enthusiastic,entusiasta
entire,entero
entrance,entrada
envelope,el sobre
enviable,envidiable
envious,envidioso
environment,entorno
envy,la envidia
episode,episodio
equal,igual
equality,igualdad
equator,ecuador
equipment,equipo
erase,borrar
eraser,la goma
error,error
escalator,escalera mecánica
escape,escaparse
especially,especialmente
espionage,espionaje
essential,imprescindible
estimate,estimación
europe,europa
evaluation,evaluación
even,aun
evening,tarde
event,acontecimiento
every,cada
everybody,todos
everyday,(de) todos los días
everything,todo
everywhere,en todas partes
evil,malo
exact,exacto
exactly,exactamente
exaggerate,exagerar
exam,examen
examine,examinar
example,por ejemplo
exceed,exceder
excellent,excelente
except,excepto
exception,excepción
excess,exceso
exchange,intercambiar
excited,emocionado
excited,emocionarse
exciting,emocionante
exclude,excluir
excursion,excursión
excuse,perdonar
exercise,ejercicio
exhausted,muy cansado
exhibition,exposición
exist,existir
exit,salida
expect,esperar
expenses,gastos
expensive,caro
experience,experiencia
experiment,experimento
expert,experto
expire,caducar
explain,explicar
explode,explotar
exploit,explotar
explore,explorar
explosion,explosión
explosives,explosivos
export,exportar
express,rápido
express,expresar
extend,prorrogar
extension,extensión
exterior,exterior
extinct,extinguido
extra,de más
extract,extraer
extremely,extremadamente
extremist,extremista
eye,el ojo
eyebrow,ceja
eyelashes,pestañas
fabric,tela
face,la cara
factory,fábrica
faded,desteñido
fail,fracasar
failure,falla
faint,desmayarse
fainted,desmayado
fair,rubio
fair,el parque de atracciones
faithful,fiel
fake,falso
fall,caer(s)
false,falso
familiar,familiar
family,familia
famous,famoso
fan,ventilador eléctrico
fan,aficionado
fantasy,fantasía
far,lejos
far from,lejos de
fare,precio del billete
farm,granja
farmer,granjero
fart,tirarse un pedo
fashion,moda
fashionable,de moda
fast,rápido
fast,ayunar
fast food,comida rápida
fat,gordo
fat,grasa
fate,destino
father,el padre
faucet,llave
fault,defecto
favorite,favorito
favor,favor
fax,fax
fear,el miedo
fear,temer
feathers,las plumas
feature,característica
february,febrero
fed up,harto
fee,honorarios
feed,dar de comer
feel,sentirse
feeling,sentimiento
female,hembra
fence,cerca
fender,la defensa
fertile,fértil
fetus,feto
fever,fiebre
few,pocos
fiancé,novio
fiancée,novia
field,campo
fifteen,quince
fifteenth,décimo quinto
fifth,quinto
fiftieth,quincuagésimo
fifty,cincuenta
fig,el higo
fight,pelea
fight,pelear
file,el fichero
fill,llenar
fill out,rellenar
film,película
filter,filtro
filth,la suciedad
fin,la aleta
final,final
financial,financiero
financially,económicamente
find,encontrar
find out,descubrir
fine,muy bien
fine,multa
finger,el dedo
fingernail,la uña
fingerprint,huella digital
finish,terminar
fire,fuego
fire department,bomberos
fire escape,el escape de incendio
fire truck,el carro de bomberos
firecracker,petardo
fireman,el bombero
fireplace,la chimenea
fireworks,fuegos artificiales
first,primero
first aid,primeros auxilios
first floor,planta baja(us)
first name,nombre de pila
fish,el pez
fish,pescar
fish market,la pescadería
fish shop,la pescadería
fist,puño
fit,en forma
fit,quedar bien
fitting room,probador
five,cinco
fix,arreglar
fizzy,gaseoso
flag,bandera
flash,flash
flashlight,linterna eléctrica
flat,llano
flavor,sabor
flawless,impecable
flee,escapar
flesh,carne
flight,vuelo
fling,lanzar
flippers,las aletas
flirt,flirtear
float,flotar
flood,inundación
floor,el piso
floppy,disquete
floss,hilo dental
flour,harina
flower,la flor
flower shop,la floristería
flu,gripe
fluently,con soltura
flute,flauta
fly,la mosca
fly,volar
flying saucer,platillo volante
foam,espuma
focus,concentrarse en
fog,niebla
foggy,con neblina
foil,papel de aluminio
fold,doblar
folder,carpeta
folk,gente
follow,seguir
food,la comida
fool,tonto
fool around,hacer el tonto
foot,el pie
football,el fútbol americano
football,fútbol
footstep,paso
for,para
for,para
for,por
forbid,prohibir
forbidden,prohibido
force,fuerza
forecast,el pronóstico
forehead,frente
foreign,extranjero
foreigner,extranjero
foresee,prever
forest,bosque
forest,el bosque
forever,por siempre
forge,falsificar
forget,olvidar
forgive,perdonar
fork,el tenedor
form,formulario
form,forma
formal,formal
former,antiguo
fornicate,fornicar
fortieth,cuadragésimo
found,fundar
fountain,la fuente
four,cuatro
fourteen,catorce
fourteenth,décimo cuarto
fourth,cuarto
fox,el zorro
fracture,fractura
fragment,fragmento
frame,marco
france,francia
freak,raro
free,libre
freedom,libertad
freely,libremente
freeze,congelar
freezer,congelador
freezing,helado
french,francés
frenchman,francés
frequent,frecuente
frequently,frecuentemente
fresh,fresco
fridge,nevera
fried,frito
fried egg,huevo frito
friend,amigo
friendly,amigable
friendship,amistad
frightened,asustado
frog,la rana
from,de
front,delante
front bumper,la defensa delantera
frozen,congelado
frozen foods,los alimentos congelados
fruit,la fruta
fruit juice,el zumo
fruit shop,la frutería
frustrated,frustrado
fry,freír
frying,la sartén
frying pan,sartén
fuel,carburante
full,lleno
full of,lleno de
fun,diversión
fun,para divertirse
fun,divertirse
function,funcionar
funeral,el entierro
funny,divertido
fur,abrigo de pieles
furious,furioso
furniture,el mueble
fuse,el fusible
future,futuro
galaxy,la galaxia
gallery,galería
gambling,juego con apuestas
game,el juego
gang,banda
garage,el garage
garbage,la basura
garbage can,el basurero
garden,el jardín
gardener,jardinero
garlic,el ajo
garment,la ropa
gas,gas
gas gauge,el medidor de gasolina
gas station,la gasolinera
gasoline,la gasolina
gate,puerta
gather,reunir
gay,gay
geese,gansos
gel,gomina
general,general
generally,generalmente
generation,generación
generous,generoso
genetics,genética
genius,genio
gentleman,el señor
gently,con delicadeza
genuine,auténtico
geography,la geografía
geometry,la geometría
germ,germen
german,alemán
germany,alemania
get,conseguir
get by,pasar
get down,bajarse
get in,entrar en
get off,bajarse del
get up,levantarse
ghost,fantasma
gift,regalo
gifted,con talento
gipsy,gitano
giraffe,la jirafa
girl,la chica
girlfriend,novia
give,dar
give back,devolver
give birth,dar a luz
give in,rendirse
give up,rendirse
glad,contento
glass,el vidrio
glasses,las gafas
glory,gloria
gloves,los guantes
glue,cola
glue,pegar
go,ir
go ahead,siga
go back,volver
go by,pasar
go down,bajar
go out,salir
go up,subir
go,siga
goal,objetivo
goalkeeper,portero
goat,el chivo
god,dios
godsend,regalo del cielo
gold,oro
golden,de oro
golf,golf
good,buen
goodness,bondad
goods,mercancías
goose,el ganso
gorgeous,maravilloso
gosh,caramba
gossip,cotillear
government,gobierno
governor,gobernador
grab,agarrar
grade,curso
gradually,poco a poco
graduate,licenciado
grain,grano
grammar,gramática
granddaughter,la nieta
grandfather,el abuelo
grandmother,la abuela
grandson,el nieto
grant,subvención
grapefruit,la toronja
grapes,las uvas
grass,hierba
grasshopper,el saltamontes
grateful,agradecido
gratuity,propina
grave,tumba
graveyard,cementerio
gravity,gravedad
gray,gris
grease,la grasa
greasy,grasiento
great,grande
greater,mayor
greedy,glotón
greedy,codicioso
green,verde
green bean,la habichuela
green card,la carta verde
green peas,los guisantes
greet,saludar
grenade,granada
grilled,a la parrilla
grind,moler
groceries,comestibles
grocery store,la tienda de ultramarinos
ground,suelo
ground beef,la carne molida
ground floor,el piso bajo
ground meat,carne picada
group,grupo
grow,aumentar de tamaño
grow up,crecer
guarantee,garantía
guess,adivinar
guest,huésped
guest,invitado
guide,guía
guide,guiar
guilty,culpable
guitar,guitarra
gulf,el golfo
gulp,trago
gum,chicle
gun,pistola
guy,tipo
gym,gimnasio
habit,hábito
hacker,pirata informático
hacksaw,la sierra para metales
hair,el pelo
hair spray,laca
haircut,el corte del pelo
hairdresser,peluquero
half,medio
hall,el pasillo
ham,el jamón
hamburger,hamburguesa
hammer,el martillo
hand,la mano
handbag,la bolsa
handcuffs,las esposas
handicapped,minusválido
handkerchief,pañuelo
handle,manilla
handlebars,los manubrios
handsome,guapo
hang,colgar
hang up,colgar el teléfono
hanger,colgador
happen,pasar
happiness,la felicidad
happy,feliz
happy birthday,feliz cumpleaños
happy new year,feliz año nuevo
harbor,puerto
hard,duro
hardly,apenas
harmless,inofensivo
harmony,armonía
harvest,cosecha
hat,el sombrero
hate,odiar
have,tener
have just,acabar de
have to,tener que
hawk,el halcón
he,Él
head,la cabeza
headache,dolor de cabeza
headlights,las luces delanteras
headphones,auriculares
heal,curar
health,salud
health club,gimnasio
health insurance,seguro de enfermedad
hear,oír
heart,corazón
heart attack,el infarto
heart failure,paro cardíaco
heat,calor
heat up,calentar
heating,calefacción
heaven,cielo
heavy,pesado
hebrew,hebreo
heel,talón
height,altura
helicopter,helicóptero
hell,infierno
hello,hola
helmet,el casco
help,ayuda
help,ayudar
help,socorro
helpful,Útil
her,su
herb,hierba
herbs,las hierbas
here,aquí
hero,héroe
heroin,heroína
hesitate,dudar
hiccup,hipo
hide,esconder(s)
hide & seek,escondite
high,alto
high,alto
high blood pressure,alta presión sanguínea
high heels,los zapatos de tacón alto
high school,escuela secundaria
high tide,la marea alta
highway,autopista
hiking,senderismo
hill,colina
him,le
hint,pista
hip,la cadera
hippopotamus,el hipopótamo
hire,contratar
his,su
historical,histórico
history,la historia
hit,golpear
hobby,pasatiempo
hockey,el hockey
hog,el cerdo
hold,sostener
hold on,esperar
hole,hueco
holiday,día de fiesta
holy,santo
home,casa
homeless,sin casa
homepage,página principal
homework,deberes
homosexual,homosexual
honest,honesto
honey,miel
honeymoon,la luna de miel
honor,honor
hood,la capota
hoof,casco
hook,anzuelo
hope,esperar
hopeful,optimista
horizontal,horizontal
horn,cuerno
horny,cachondo
horrible,horrible
horse,el caballo
hospital,hospital
host,anfitrión
hostage,rehén
hostel,albergue
hostile,agresivo
hot,caliente
hot,hace calor
hot dog,perrito caliente
hotel,hotel
hour,hora
house,la casa
housewife,el ama de casa
how far,hasta donde
how many,cuántos
how much,cuánto
how,cómo
hubcap,el tapón
hug,abrazo
human being,humano
humanity,humanidad
humid,húmido
humidity,humedad
hummingbird,el colibrí
humor,humor
hundred,cien
hundredth,centésimo
hungry,tiene hambre
hunt,cazar
hunter,cazador
hurricane,huracán
hurry up,date prisa
hurt,herir
hurt oneself,lastimarse
husband,el marido
hut,cabaña
hymn,himno
i,yo
ice,hielo
ice cream,el helado
ice cream shop,le heladería
id,carné de identidad
idea,idea
ideal,ideal
idol,Ídolo
if,si
ignorant,ignorante
ignore,ignorar
iguana,la iguana
ill,enfermo
illegal,ilegal
illiterate,analfabeto
illness,enfermedad
illusion,ilusión
image,imagen
imaginary,imaginario
imagination,imaginación
imagine,imaginarse
imitate,imitar
immediately,inmediatamente
immigrant,inmigrante
immigrate,inmigrar
immigration,inmigración
immoral,inmoral
immune system,sistema inmunológico
impatient,impaciente
import,importar
important,importante
impossible,imposible
impress,impresionar
impression,impresión
imprint,impresión
improve,mejorar
in,en
in,en
in front of,delante de
in order to,para
inch,pulgada
include,incluir
included,incluido
income,ingresos
inconvenience,inconveniencia
increase,aumentar
indeed,ciertamente
indeed,de veras
independent,independiente
index,Índice
india,india
individual,individual
indoor,de interior
industry,industria
inevitable,inevitable
infect,infectar
infection,infección
infinite,infinito
influence,influencia
inform,informar
information,información
ingredient,ingrediente
inhaler,inhalador
inherit,heredar
initial,inicial
inject,inyectar
injection,inyección
injured,herido
injury,herida
ink,la tinta
innocent,inocente
insect,insecto
inside,dentro
insist,insistir
inspire,inspirar
install,instalar
instead of,en lugar de
instinct,instinto
institute,instituto
instructions,instrucciones
insulin,insulina
insult,insulto
insult,insultar
insurance,el seguro
intellectual,intelectual
intelligent,inteligente
intend,pretender
intensive,intensivo
intention,intención
interested,interesado
interesting,interesante
international,internacional
internet,internet
interpreter,intérprete
intersection,el cruce
interview,entrevista
into,en
intolerable,insoportable
introduce,presentar
intruder,intruso
invalid,nulo
invent,inventar
invention,invención
invest,invertir
investigation,investigación
invisible,invisible
invitation,invitación
invite,invitar
iron,plancha
iron,hierro
iron,planchar
ironing board,tabla de planchar
irrigate,regar
irritate,irritar
islam,islam
island,la isla
it,Él
it is necessary to,hay que
it’s cold,hace frío
it’s hot,hace calor
italian,italiano
italy,italia
itching,picazón
item,artículo
ivory,el marfil
jacket,la chaqueta
jail,la cárcel
jam,mermelada
january,enero
japan,japón
jar,el frasco
jaw,mandíbula
jealous,celoso
jeans,pantalones vaqueros
jesus,jesús
jew,judío
jeweler,las joyas
jeweler's,joyería
jewelry box,el joyero
jewish,judío
job,job
jogging,footing
join,hacer socio
joke,chiste
joke,bromear
journalist,el periodista
journey,el viaje
joy,la alegría
joystick,joystick
judge,el juez
judge,juzgar
judgment day,día del juicio final
juice,jugo
july,julio
jump,saltar
jumper,pichi
june,junio
jungle,la selva
junk,trastos
junk food,comida basura
jury,el jurado
just,justo
justice,justicia
justify,justificar
kangaroo,canguro
keep,mantener
ketchup,ketchup
kettle,hervidor de agua
key,llave
keyboard,teclado
kick,el puntapié
kick,dar patadas a alguien
kid,niño
kidnap,secuestrar
kidneys,riñones
kill,matar
kind,amable
kind,tipo
kindergarten,guardería
king,rey
kingdom,reino
kiosk,quiosco
kiss,el beso
kiss,besar
kit,equipo
kitchen,la cocina
kitchen sink,el fregadero
kitten,gatito
knee,la rodilla
knife,el cuchillo
knight,caballero
knock,llamar
know,saber
knowledge,los conocimientos
koran,corán
label,etiqueta
laces,los cordones
lack,falta
lack,faltar
ladder,escalera de mano
ladies room,servicio de señoras
lady,señora
lake,el lago
lamb,el cordero
lame,cojo
lamp,la lámpara
land,tierra
land,el terreno
land,aterrizar
landing,aterrizaje
lane,camino
language,el idioma
languages,las lenguas
lantern,farol
laptop,computadora portátil
large,grande
laser,láser
last,durar
late,tarde
lately,recientemente
laugh,la risa
laugh,reír
laundromat,la lavandería
laundry,el servicio de lavandería
law,ley
lawyer,el abogado
lay,dejar
lazy,perezoso
lead,plomo
lead,ir a la cabeza
leader,el líder
leaf,la hoja
leak,fuga
leak,fugarse
lean,estar inclinado
leap,saltar
learn,aprender
least,el menos
least,por lo menos
leather,cuero
leave,salir
lecture,conferencia
left,izquierda
left handed,zurdo
leftovers,sobras
leg,la pierna
legend,la leyenda
legitimate,legítimo
leisure,ocio
lemon,el limón
lemonade,limonada
lend,prestar
length,la longitud
lenses,las lentillas
leopard,leopardo
less,menos
less,menos
lesson,lección
let,dejar
letter,la carta
letter carrier,el cartero
lettuce,la lechuga
level,nivel
liar,mentiroso
library,la biblioteca
license,permiso
lick,lamer
lid,tapa
lie,mentira
lie,mentir
lie down,acostarse
life,vida
lifeguard,el socorrista
lifejacket,chaleco salvavidas
lift,levantar
light,ligero
light,luz
light bulb,bombilla
light year,el año luz
lighter,encendedor
lightning,relámpago
like,como
like,gustar
lime,el limón
limit,límite
limo(sine),limusina
line,línea
linguist,lingüista
linguistics,la lingüística
link,conexión
lion,el león
lip,el labio
lipstick,barra
liquid,líquido
liquor,bebida alcohólica
list,lista
listen,escuchar
literature,literatura
little,poco
live,vivir
liver,hígado
living room,la sala de recibo
lizard,lagarto
llama,la llama
load,carga
loan,préstamo
lobby,el recibidor
lobster,la langosta
local,de la región
local,local
lock,el seguro
lock,cerrar
locker,cajón
log,tronco
lollipop,piruleta
lonely,solo
long,largo
look,apariencia
look,mirar
look after,cuidar
look for,buscar
look out,tener cuidado
loose,suelto
loot,saquear
lord,señor
lorry,camión
lose,perder
lost,perdido
lost & found,oficina de objetos perdidos
lot,mucho de
lotion,la loción
loud,fuerte
loudspeaker,altavoz
lounge,salón
love,el amor
love,estar enamorado
love,amar
lovely,lindo
lover,amante
loving,cariñoso
low tide,la marea baja
low,bajo
loyal,fiel
lucky,afortunado
luggage,el equipaje
lunch,el almuerzo
lung,pulmón
luxurious,lujosa
luxury,el lujo
lyrics,letra
macaroni,macarrones
machine,máquina
mad,enojado
madhouse,casa de locos
magazine,revista
magic,magia
magnet,imán
magnifying glass,lupa
maid,la empleada
mail,el correo
mail,enviar por correo
mail carrier,el cartero
mailbox,el buzón
mailman,cartero
main,principal
main course,el plato principal
majority,mayoría
make,hacer
make up one's mind,decidirse
makeup,el maquillaje
male,macho
mall,centro comercial
man,el hombre
manage,dirigir(business)
management,administración
manager,gerente
mango,el mango
mankind,la humanidad
manner,manera
manners,educación
mantis,la mantis
manufacture,fabricación
many,muchos
map,el mapa
marble,mármol
march,marzo
marital status,estado civil
mark,nota(edu)
marker,rotulador
market,mercado
market,el mercado
marmalade,mermelada de naranja
marriage,matrimonio
married,casado
marry,casarse con
mashed potatoes,puré de papas
mason,cantero
massage,masaje
mastermind,cerebro
mat,estera
match,el partido
match,igualar
matches,cerillas
material,tejido
math,las matemáticas
matter,asunto
mattress,colchón
mature,maduro
maximum,máximo
may,mayo
may,tal vez
maybe,tal vez
mayonnaise,mayonesa
me,me
meadow,prado
meal,la comida
mean,malo
mean,significar
meaning,significado
means,medios
measure,medir
measurements,medidas
measuring tape,la cinta métrica
meat,la carne
meat shop,la carnicería
mechanic,el mecánico
medal,medalla
medical,médico
medicine,medicina
medicine cabinet,el botiquín
meditation,meditación
medium,mediano
meet,encontrarse con
meeting,reunión
melon,el melón
melt,ablandar
member,socio
membership,afiliación
memorize,aprender de memoria
memory,memoria
mend,servicio de caballeros
men's room,reparar
mentality,mentalidad
mention,mencionar
menu,el menú
merchandise,mercadería
mercy,compasión
merry christmas,feliz navidad
mess,desorden
message,el mensaje
metal,metal
metal detector,el detector de metales
meteorite,meteorito
method,método
mexico,méxico
microphone,micrófono
microwave,el horno microondas
midday,mediodía
middle,en medio de
midget,enano
midnight,medianoche
mike,micro
mildew,moho
military,ejército
milk,leche
mill,molina
million,millón
mind,mente
mind,importar
mine,mina
mineral,mineral
mineral water,el agua mineral
minimum,mínimo
minister,ministro
minority,minoría
mint,menta
minus,menos
minute,minuto
miracle,milagro
mirror,el espejo
miser,avaro
mislead,engañar
mispronounce,pronunciar mal
miss,señorita
miss,extrañar
missile,misil
missing,perdido
mission,misión
misspell,escribir incorrectamente
mistake,error
misty,hay neblina
misunderstand,entender mal
misunderstanding,equivocación
mix,mezclar
mix up,confundir con
mixer,batidora
mixture,mezcla
mobile,el móvil
model,modelo
modern,moderno
modest,modesto
modify,modificar
moisturizer,la leche hidratante
molar,muela
mold,moho
mole,lunar
moment,momento
monday,lunes
money,dinero
monitor,monitor
monk,monje
monkey,el mono
monster,monstruo
month,el mes
monument,monumento
mood,humor
moody,de humor cambiante
moon,luna
moose,el alce
mop,la fregona
moral,moral
more,más
more,más
moreover,además
morning,mañana
mortgage,hipoteca
moslem,musulmán
mosque,mezquita
mosquito,el mosquito
most,el más
most of,la mayor parte de
moth,mariposa
mother,la madre
motive,motivo
motorcycle,motocicleta
motorway,autopista
motto,lema
mountain,la montaña
mouse,el ratón
moustache,el bigote
mouth,la boca
move,mover
movie,película
movies,el cine
mow,cortar
mr,señor
mrs,señora
ms,señorita
much,mucho
mucus,mocos
mud,barro
muddy,barrosa
muffin,magdalena
mule,mulo
multilingual,multilingüe
multiply,multiplicar
mumble,farfullar
murder,asesinato
murder,asesinar
murderer,asesino
muscle,músculo
museum,museo
mushrooms,champiñones
music,la música
musician,el músico
musk,almizcle
muslim,musulmán
mussels,mejillones
must,deber
mustache,bigote
mustard,mostaza
my,mi
myself,yo
mystery,misterio
myth,mito
nail,uña
nail clippers,cortaúñas
nail polish,el esmalte para las uñas
naked,desnudo
name,nombre
nanny,niñera
nap,cabezada
napkin,la servilleta
narrow,estrecho
nasty,desagradable
nation,nación
nationality,nacionalidad
native,nativo
native speaker,hablante nativo
native tongue,lengua materna
natural,natural
nature,natura
nausea,náusea
navy,armada marina
near,cerca
nearly,casi
necessary,necesario
neck,el cuello
necklace,el collar
need,necesidad
need,necesitar
needle,aguja
negative,negativo
neglected,abandonado
neighbor,vecino
neighborhood,barrio
neither,tampoco
neither,ni
nephew,el sobrino
nerve,nervio
nervous,nervioso
nest,nido
net,una red
net weight,peso neto
network,red
never,nunca
new,nuevo
new year,el año nuevo
new york,nueva york
news,noticias
newspaper,el periódico
next,próximo
next door,junto
next to,de al lado
nice,simpático
nice,amable
nice,bonito
nice,buen tiempo
nickname,apodo
niece,la sobrina
night,noche
night club,el club nocturno
night shift,turno de noche
nightmare,pesadilla
nine,nueve
nineteen,diecinueve
nineteenth,décimo noveno
ninetieth,nonagésimo
ninety,noventa
ninth,noveno
nipple,el pezón
no,no
no longer,más ya
nobody,nadie
noise,ruido
noisy,ruidoso
none,ninguno
nonsense,disparate
nonsmoker,no fumador
nonsmoking,no fumador
nonstop,directo
noodles,tallarines
noon,mediodía
nor,ni
normal,normal
normally,normalmente
north,norte
nose,la nariz
nosy,entrometido
not,no
not even,ni siquiera
note,nota
notebook,el cuaderno
notebook,computadora portátil
nothing,nada
nothing else,nada más
notice,anuncio
notice,notar
noun,nombre
novel,la novela
november,noviembre
now,ahora
nowadays,hoy en día
nuclear weapon,arma nuclear
number,número
nurse,la enfermera
nut,la nuez
nuts,chalado
nuts,los frutos secos
o,vale
oasis,oasis
obedient,obediente
obese,obeso
obey,hacer caso
object,objetivo
object,objeto
oblige,obligar
obscure,oscuro
observe,observar
obsessed,estar obsesionado con
obstacle,obstáculo
obtain,obtener
obvious,obvio
occupation,profesión
occur,ocurrir
ocean,el océano
october,octubre
octopus,pulpo
odd,raro
odor,olor
of,de
of course,claro que si
off season,temporada baja(rates
offer,ofrecer
office,la oficina
office building,el edificio de oficinas
official,oficial
offspring,vástagos
often,a menudo
oil,el aceite
ointment,pomada
old,viejo
old man,el anciano
old woman,la anciana
olive,aceituna
olive oil,el aceite de oliva
omelet,tortilla
on,encima de
on foot,a pie
on purpose,a propósito
on the contrary,al contrario
once,una vez
once,en seguida
one,uno
onion,la cebolla
online,en línea
only,solo
open,abierto
open,abrir
operation,operación
operator,el telefonista
opinion,opinión
opportunity,oportunidad
oppose,oponerse
opposed to,estar en contra de
opposite,contrario
opposite,en frente de
optimistic,optimista
option,opción
optional,optativo
or,o
orange,anaranjado
orange juice,jugo de naranja(lat)zumo de
orchid,la orquídea
order,ordenar
organization,organización
organize,organizar
orgasm,orgasmo
origin,origen
original,original
orphan,huérfano
other,otro
otherwise,si no
our,nuestro
out,fuera de
outdoor,al aire libre
outdoor market,el mercado
output,salida
outside,fuera de
oven,el horno
over,encima
over there,allí
overalls,el overol
overcoat,el sobretodo
overcome,superar
overlook,pasar por alto
overseas,en el extranjero
overstate,exagerar
overthrow,derrocar
owe,deber
owl,el búho
own,poseer
owner,propietario
ox,buey
oxygen,oxígeno
oyster,ostra
pacifier,el chupador
pack,hacer las maletas
package,el paquete
package tour,el viaje organizado
padlock,candado
pagan,pagano
page,página
paid,pagado
pain,dolor
painful,doloroso
paint,pintura
paint,pintar
painter,el pintor
painting,la pintura
pair,el par
pajamas,el pijama
palace,palacio
pale,pálido
palm,palma
pan,cacerola
panties,la pantaleta
panties,calzones
pants,los pantalones
pantyhose,la pantimedia
papaya,la papaya
paper,el papel
paper store,la papelería
parachute,paracaídas
paradise,paraíso
parallel,paralelo
paramedic,el paramédico
paranoid,paranoico
parasol,la sombrilla
pardon,perdonar
pardon me,perdóneme
parents,padres
park,aparcar
parking lot,aparcamiento
parrot,el loro
parsley,el perejil
part,la parte
participate,participar
particle,partícula
partner,socio
party,fiesta
party,hacer fiesta
pass,pasar por adelante de
pass,aprobar un examen
passengers,pasajeros
passion,pasión
passport,el pasaporte
password,contraseña
past,pasado
past,pasado
pasta,pasta
pastime,pasatiempo
pastry shop,la pastelería
path,camino
patient,paciente
patrol,patrulla
pay,salario
pay,pagar
pay back,devolver el dinero
pay check,cheque del sueldo
payment,pago
peace,paz
peach,el melocotón
peanut,cacahuete
pear,la pera
peas,los guisantes
pedal,el pedal
peel,pelar
pen,la pluma
pen pal,amigo por correspondencia
pencil,el lápiz
peninsula,la península
penis,pene
penniless,sin un centavo
penny,centavo
people,la gente
pepper,la pimienta
pepper shaker,el pimentero
percent,por ciento
percentage,porcentaje
perfect,perfecto
performance,representación
perfume,perfume
perhaps,quizá
period,regla
permanent,permanente
permission,permiso
permit,licencia
permit,permitir
person,persona
person,en persona
persuade to,persuadir
pessimistic,pesimista
pet,mascota
petrol,gasolina
pharmacist,el farmacéutico
pharmacy,la farmacía
phone,llamar por teléfono
phone book,guía telefónica
phone call,llamada telefónica
phone card,tarjeta telefónica
photo,foto
photo album,álbum de fotos
photo shop,la tienda de fotografía
photocopier,fotocopiadora
photocopy,fotocopiar
physics,la fisica
piano,piano
pick,escoger
pick up,coger
pickpocket,cortabolsas
pickup,camioneta
picky,tiquismiquis
picture,el cuadro
piece,pedazo
pig,el cerdo
pile,un montón
pilgrimage,peregrinación
pill,píldora
pillar,pilar
pillow,la almohada
pilot,el piloto
pin,el alfiler
pincers,tenazas
pineapple,la piña
pink,rosado
pious,piadoso
pistol,la pistola
pitcher,la jarra
pizza,pizza
place,lugar
plague,plaga
plain,plano
plan,plan
plan,planear
planet,planeta
plant,planta
plant,plantar
plaster,tirita
plastic,plástico
plate,el plato
plate,el plato
platform,la plataforma
play,jugar
playboy,playboy
player,la jugadora
player,el jugador
please,por favor
pleased,contento
pliers,los alicates
plough,arar
plug,enchufe
plug,el enchufe
plum,la ciruela
plumber,fontanero
plural,plural
plus,ventaja
pneumonia,pulmonía
pocket,bolsillo
poetry,poesía
point,punto
point of view,punto de vista
poison,envenenar
poisonous,venenoso
poland,polonia
police,la policía
police force,la policía
policeman,el policía
policy,póliza
polish,el betún
polite,educado
politics,política
pollen,polen
polluted,contaminado
pool,piscina
pool,billar americano
poop,caca
poor,pobre
poorly,mal
popular,popular
population,población
porch,el balcón
pork,el cerdo
pork butcher,la chacinería
porn,porno
port,puerto
porter,mozo
portugal,portugal
position,posición
possess,poseer
possible,posible
post office,la oficina de correos
postcard,la tarjeta postal
postman,el cartero
pot,la olla
potato,la papa
potatoes,papas
pottery,cerámica
pound,libra
pour,verter
pour,echar
pouring,lloviendo a cántaros
poverty,pobreza
powder,polvo
power,poder
practice,práctica
praise,elogiar
pray,rezar
prayer,oración
prefer,preferir
pregnant,embarazada
prepare,preparar
prescription,receta médica
present,presente
president,presidente
press,la prensa
pressure,presión
pretend,hacer como
pretty,lindo
prevent,impedir
previous,anterior
prey,presa
price,precio
price,el precio
priceless,que no tiene precio
priest,sacerdote
prince,príncipe
princess,princesa
print,imprimir
printer,impresor
priority,prioridad
prison,prisión
prisoner,prisionero
private,privado
privilege,privilegio
prize,premio
problem,el problema
produce,producir
product,producto
profession,profesión
professor,el profesor
profile,perfil
program,programa
program,programar
progress,progreso
progress,hacer progresos
prohibited,prohibido
project,proyecto
promise,promesa
promotion,ascenso
pronounce,pronunciar
proof,prueba
property,propiedad
prophet,profeta
propose,sugerir
prosecutor,el acusador
prosperity,prosperidad
prostitute,prostituta
prostitution,prostitución
protect,proteger
proud,orgulloso
prove,demostrar
proverb,proverbio
provide,proveer
public,publico
public holiday,el día festivo
publish,publicar
pull,jalar
pulse,pulso
pump,la bomba
pumpkin,calabaza
punch,dar un puñetazo
punctual,puntual
puncture,perforar
punish,castigar
puppy,perrito
pure,puro
purple,morado
purpose,propósito
purse,el monedero
push,empujar
put,poner
put on,ponerse
put on,ponerse
quality,calidad
quantity,cantidad
quarrel,riña
quarrel,pelear
quarter,cuarto
queen,reina
question,pregunta
queue,cola
quick,rápido
quickly,rápidamente
quiet,tranquilo
quit,dejar
quite,bastante
quiz,concurso
rabbit,el conejo
race,raza
race,carrera
racism,racismo
racist,racista
rack,el estante
racket,una raqueta
radar,radar
radiation,radiación
radio,la radio
radish,el rábano
railroad,ferrocarril
railway,ferrocarril
rain,la lluvia
rain,llover
raincoat,el impermeable
raining,lloviendo
rainy,lluvioso
raise,aumento de sueldo
raisin,pasa
random,al azar
rank,rango
rape,violar
rapidly,rápidamente
rare,raro
rare,poco hecho
rarely,raras veces
rasp,la escofina
raspberry,la frambuesa
rat,la rata
rate,tarifa
raw,crudo
razor,maquinilla de afeitar
reach,alcanzar
reaction,reacción
read,leer
ready,listo
ready,prepararse
real,real
real estate,bienes inmuebles
reality,realidad
realize,darse cuenta de
really,en realidad
rear bumper,la defensa trasera
rearview mirror,el espejo retrovisor
reason,razón
receipt,recibo
receive,recibir
recently,recientemente
reception,la recepción
reception desk,recepción
receptionist,recepcionista
recipe,receta
recliner,el sillón reclinable
recognize,reconocer
recommend,recomendar
record,el récord
record,disco
record,grabar
recover,recuperarse
red,rojo
reduce,rebajar
reflector,el reflector
refrigerator,la nevera
refugee,refugiado
refund,reembolso
refund,rembolsar
refuse,negarse a hacer algo
regardless,a pesar de todo
region,región
register,registrarse
registered,certificado
registration,registro
reimburse,rembolsar
relationship,relación
relax,relajarse
release,liberar
reliable,seguro
relief,alivio
religion,religión
religious,religioso
remain,quedarse
remember,recordar
remind,recordar algo a alguien
remote control,mando a distancia
remove,eliminar
rent,alquilar
repair,reparar
repeat,repetir
reply,respuesta
reply,responder
reporter,reportero
reputation,reputación
reputed to be,tener fama de ser
request,por encargo
require,requerir
rescue,rescatar
reservation,reserva
reserve,reservar
reserved,reservado
resident,residente
resign,dimitir de
resignation,dimisión
resist,resistir
respect,respeto
responsible,responsable de
rest,resto
rest,descanso
rest,descansar
restaurant,el restaurante
restroom,servicios
restroom,baños
result,resultado
resume,currículum
retire,jubilarse
retired,jubilado
return,regresar
return address,el remitente
return ticket,el billete de ida y vuelta
revenge,venganza
revolution,revolución
revolver,revólver
reward,recompensa
rhinoceros,el rinoceronte
rhubarb,el ruibarbo
rhythm,ritmo
rice,arroz
rich,rico
ride,montar a
ridiculous,ridículo
rifle,rifle
right,correcto
right,derecho
right,tener razón
ring,anillo
ring,timbrar
ripe,maduro
risk,riesgo
rival,rival
river,el río
road,carretera
roasted,asado
rob,robar a
robber,ladrón
robe,la bata
robin,el petirrojo
robot,robot
rock,roca
rocket,cohete
roll,el panecillo
roll over,darse la vuelta
roller blade,patín en línea
romantic,romántico
roof,el techo
room,el cuarto
room service,servicio de habitaciones
root,raíz
rope,cuerda
rose,la rosa
rotten,podrido
rough,áspero
rough,picado
round,redondo
round trip ticket,boleto de ida y vuelta
routine,rutina
royal,real
rub,frotar
rubber band,cinta de goma
rubbish,basura
rude,maleducado
rug,el tapete
rule,regir
rule,regla
ruler,regla
rumor,rumor
run away,escaparse
rush,hacer algo con prisas
rush hour,hora punta
russia,rusia
rust,Óxido
rusty,oxidado
sacred,sagrado
sacrifice,sacrificio
sad,triste
sadness,la tristeza
safe,seguro
safe,caja fuerte
safety,seguridad
sail,navegar
sailor,marinero
saint,santo
salad,la ensalada
salary,sueldo
sale,venta
sale,la rebaja
sale,en oferta
salesman,el vendedor
salesperson,vendedor
saliva,saliva
salmon,el salmón
salt,la sal
salt shaker,el salero
salty,salado
same,mismo
sample,muestra
sand,la arena
sandals,las sandalias
sandwich,el sándwich
santa claus,papá noel
sarcastic,sarcástico
sardines,sardinas
satellite,satélite
satisfy,satisfacer
sauce,salsa
saucepan,cacerola
sausage,la salchicha
save,ahorrar
savings,ahorros
say,decir
scale,la escala
scanner,escáner
scar,cicatriz
scarf,la bufanda
schedule,programa
scheme,plan
scholar,erudito
scholarship,beca
school,escuela
science,la ciencia
scissors,unas tijeras
score,puntuación
score,marcar
scorpion,el alacrán
scouring,el estropajo
scrambled,huevos revueltos
scratch,arañar
scream,gritar
screen,pantalla
screw,tornillo
screw up,meter la pata
screwdriver,el destornillador
scrub,fregar
sea,el mar
seafood,los mariscos
seagull,la gaviota
seal,foca
search engine,motor de búsqueda
search for,buscar
season,estación
seat,el asiento
seaweed,el alga
second,segundo
second floor,el primer piso
secret,secreto
secret agent,agente secreto
secretary,el
section,zona
security,seguridad
security guard,el guardia
see,ver
seed,semilla
seem,parecer
seizure,ataque
select,seleccionar
selfish,egoísta
sell,vender
seller,vendedor
send,enviar
sensitive,sensible
sent to,destinatario
sentence,oración
separate,separado
separate,separar
separated,separado
september,septiembre
serious,grave
servant,criado
serve,servir
service,servicio
service station,la estación de servicio
seven,siete
seventeen,diecisiete
seventeenth,décimo séptimo
seventh,séptimo
seventieth,septuagésimo
seventy,setenta
several,varios
several,varios
sew,coser
sewage,aguas residuales
sex,sexo
sexy,sexy
shade,sombra
shake,agitar
shallow,poco profundo
shame,la vergüenza
shameless,desvergonzado
shampoo,el champú
shape,forma
share,compartir
shark,el tiburón
sharp,afilado
shave,afeitar
shaving cream,la crema de afeitar
she,ella
sheep,la oveja
sheet,sábana
shell,concha
shellfish,los mariscos
shelter,refugio
shelves,estantería
shepherd,pastor
shin,la espinilla
ship,barco
shipping,envío
shirt,la camisa
shit,mierda
shiver,tiritar
shoes,los zapatos
shoot,disparar
shop,la tienda
shop,hacer compras
shopping,ir de compras
shopping,las compras
shopping basket,la canasta de compras
shopping mall,el centro comercial
short,pequeño
shorts,los pantalones cortos
should,deber
shoulder,el hombro
shout,el grito
shout,gritar
shovel,pala
show,mostrar
shower,la ducha
shower cap,el gorro de baño
shrimps,los camarones
shrink,encoger
shut,cerrado
shut,cerrar
shuttle bus,autobús de conexión
shy,tímido
sick,enfermo
side,lado
sidewalk,acera
sigh,suspirar
sightseeing,la excursión turística
sign,signo
sign,firmar
signal,señal
signature,firma
silence,silencio
silk,seda
silly,tonto
silver,plata
similar,similar
simple,simple
simply,sencillamente
sin,pecado
since,desde
sincere,sincero
sing,cantar
singer,cantante
single,soltero
single,la habitación individual
sink,el fregadero
sink,hundirse
sinus,seno
sir,señor
sister,la hermana
sit down,sentarse
situation,situación
six,seis
sixteen,dieciséis
sixteenth,décimo sexto
sixth,sexto
sixtieth,sexagésimo
sixty,sesenta
size,tamaño
skate,patinar
skating,el patinaje
skeleton,esqueleto
ski,esquiar
ski poles,unos bastones
skill,habilidad
skin,piel
skinny,escuálido
skirt,la falda
skull,cráneo
sky,cielo
slang,argot
slap,bofetada
slap,dar una guantada a alguien
slash,barra
slave,esclavo
sleep,sueño
sleep,dormir
sleeping bag,saco de dormir
sleepy,tener sueño
sleeve,manga
slice,rebanada
slim,delgado
sling,el soporte
slip,el refajo
slip,resbalar
slippers,las zapatillas
slippery,escurridizo
slow,despacio
slowly,lentamente
small,pequeño
smart,inteligente
smart ass,sabelotodo
smell,olor
smell,oler
smile,la sonrisa
smile,sonreír(se)
smoke,humo
smoke,fumar
smuggle,pasar de contrabando
smuggling,contrabando
snack,el bocadillo
snack bar,cafetería
snail,caracol
snake,la serpiente
sneakers,unos deportivos
sneeze,estornudar
snore,roncar
snow,nieve
snow,nevar
snowing,nevando
snowy,nevado
so,tan
so as to,para que
so far,hasta ahora
so much,tanto
soak,poner en remojo
soap,el jabón
soap dish,la jabonera
sober,sobrio
soccer,el fútbol
social,social
society,sociedad
sock,el calcetín
socket,enchufe
socks,los calcetines
soda,soda
sofa,el sofá
soft,blando
soft drink,el refresco
soil,tierra
soldier,el soldado
solve,resolver
some,algunos
some,algún
someone,alguien
something,algo
sometime,alguna vez
sometimes,a veces
somewhere,a alguna parte
son,el hijo
song,canción
soon,pronto
sore,dolorido
sore throat,dolor de garganta
sorry,apenado
sort,clase
soul,alma
sound,sonido
soup,la sopa
sour,agrio
south,sur
south africa,sudáfrica
souvenir,recuerdo
sow,sembrar
soy bean,semilla de soja
space,espacio
space station,la estación espacial
spaghetti,espaguetis
spain,españa
spanish,español
spare tire,llanta picada
sparrow,el gorrión
speak,hablar
speakers,altavoz
special,especial
species,especie
specific,específico
specify,especificar
specimen,muestra
speech,discurso
speed,la velocidad
speed,acelerar
spell out,deletrear
spelling,ortografía
spend,gastar
sperm,esperma
spices,especias
spicy,picante
spider,la araña
spike,espiga
spill,derramar
spin,dar vueltas
spinach,la espinaca
spine,columna vertebral
spirit,espíritu
spirits,la moral
spit,escupir
split,repartir
split personality,doble personalidad
spoilt,consentido
spoke(s),los rayos
sponge,la esponja
spontaneous,espontáneo
spoon,la cuchara
sport,el deporte
spot,lugar
spot,mancha
spring,primavera
sprocket,la corona
spy,espía
square,cuadrado
squash,la calabaza
squeeze,apretar
squid,el calamar
squirrel,la ardilla
stable,estable
stadium,estadio
staff,personal
stage,etapa
stain,mancha
stainless steel,acero inoxidable
staircase,la escalera
stairs,escaleras
stairway,la escalera
stamp,la estampilla
stamps,las estampillas
stapler,la grapadora
staples,las grapas
star,la estrella
stare,mirar fijamente
start,principio
start,comenzar
state,estado
statement,extracto
station,estación
stationers,la papelería
statistics,estadística
statue,estatua
status,categoría
stay,quedarse
stay up,quedarse levantado
steak,el filete
steal,robar
steam,vapor
steamer,buque de vapor
steep,empinado
steering wheel,el volante
stem,el tallo
step,paso
stethoscope,el estetoscopio
steward,el auxiliar de vuelo
stewardess,azafata
stick,palo
stick,pegar
stick shift,la palanca de velocidades
sticker,pegatina
still,aún
sting,picadura
sting,picar
stingray,la raya
stink,apestar
stir,dar vueltas a la sopa
stitches,puntos
stocking,media
stockings,las medias
stomach,el estómago
stomachache,dolor de estómago
stone,piedra
stop,bloquear
store,tienda
storm,tormenta
story,historia
story,piso
stove,la cocina
straight on,todo recto
straighten up,arreglar
stranger,extraño
strategy,estrategia
strawberry,la fresa
street,calle
street sign,el letrero
streetcar,el tranvía
strength,fuerza
stress,estrés
stressful,estresante
stretch,estirar
strict,estricto
strike,huelga
string,cuerda
string tie,el lazo
strip,hacer striptease
stroke,derrame
stroller,el carrito
strong,fuerte
struggle,luchar
stubborn,testarudo
student,estudiante
studies,estudios
study,estudiar
stuff,cosas
stupid,estúpido
style,estilo
subject,tema
submarine,submarino
submit,presentar
subscribe,suscribirse
suburb,zona residencial de la periferia
subway,el tren subterráneo
subway station,la estación de metro
succeed,tener éxito
success,Éxito
such,tal
suck,chupar
suddenly,de repente
suffocate,asfixiar(se)
sugar,el azúcar
sugar bowl,el azucarero
suggest,sugerir
suicide,suicidio
suit,el traje
suitcase,la maleta
summer,verano
summit,cumbre
sun,sol
sun cream,la crema bronceadora
sunday,domingo
sunglasses,anteojos de sol
sunglasses,las gafas de sol
sunny,soleado
sunny day,día soleado
sunrise,el amanecer
sunset,el atardecer
suntan,bronceado
super,genial
superficial,superficial
supermarket,el supermercado
supervisor,supervisor
supper,la cena
suppose,suponer
sure,seguro
sure,por cierto
surf,navegar
surface,superficie
surgeon,cirujano
surgery,cirugía
surname,apellido
surprise,sorpresa
surrender,rendirse
surround,circundar
surrounded by,rodeado de
surroundings,alrededores
survive,sobrevivir
survivor,superviviente
suspect,sospechoso
suspenders,tirantes
suspicion,la sospecha
swallow,tragarse
swan,el cisne
swear,jurar
sweat,sudor
sweat,sudar
sweater,el suéter
sweep,barrer
sweet,dulce
sweet potato,la batata
sweet shop,la confitería
sweets,dulces
swell,hincharse
swim,nadar
swimming,la natación
swimming pool,la piscina
swimsuit,el traje de baño
swing,balancearse
switch,el interruptor
switch to,cambiar a
swollen,hinchado
sword,espada
swordfish,el pez espada
symbol,símbolo
symptom,síntoma
syringe,jeringuilla
system,sistema
table,la mesa
tablecloth,el mantel
tablet,pastilla
tadpole,el renacuajo
tag,etiqueta
tail,la cola
tail lights,las luces traseras
tailor's,la sastrería
take,tomar
take a trip,hacer un viaje
take off,quitarse
take off,quitarse
talk,la conversación
talk,hablar
tall,alto
tank,el tanque
tap,grifo
tape,cinta
tape,la cinta
tape recorder,magnetófono
taste,sabor
taste,saborear
tasty,sabroso
tattoo,tatuaje
tax,impuestos
taxi,el taxi
taxi driver,taxista
tea,té
teach,enseñar
teacher,el maestro
team,el equipo
teapot,la tetera
tear,la lágrima
tear up,romper
tears,lágrimas
tease,tomar el pelo a
technician,técnico
teddy bear,el oso de peluche
teenager,adolescente
teeth,dientes
telephone booth,cabina telefónica
television,televisión
tell,decir
teller,cajero
temperature,la temperatura
temple,templo
temporary,temporal
ten,diez
tennis,el tenis
tent,la carpa
tenth,décimo
terrace,terraza
terrible,terrible
terrific,estupendo
terrorist,terrorista
test,prueba
text,texto
than,que
thank,agradecer
thanks to,gracias a
that,Ése
the,el
the best,el mejor
the greatest,el mayor
the least,el menor
the worst,el peor
theater,el teatro
their,su
them,les
then,entonces
there,allí
there is,hay
there was,había
thermometer,el termómetro
these,Éstos
they,ellos
thick,grueso
thief,el ladrón
thigh,el muslo
thin,delgado
thing,cosa
think,pensar
third,tercero
thirsty,tiene sed
thirteen,trece
thirteenth,décimo tercero
thirtieth,trigésimo
thirty,treinta
this,Éste
those,aquellos
though,sin embargo
thoughts,pensamientos
thousand,mil
thousandth,milésimo
thread,hilo
threaten,amenazar
three,tres
throat,la garganta
through,a través de
throw,tirar
throw away,tirar
throw up,vomitar
thumb,el pulgar
thunder,trueno
thunderstorm,tormenta
thursday,jueves
ticket,el billete
ticket,el pasaje
ticklish,tener cosquillas
tide,la marea
tide,marea alta
tide,marea baja
tie,la corbata
tiger,el tigre
tight,ajustado
tile,baldosa
till,hasta
time,tiempo
timetable,horario
tin opener,abrelatas
tiny,diminuto
tip,consejo
tire,la llanta
tired,cansado
tissues,pañuelos de papel
title,título
to,a
to be happy,alegrarse
to be hungry,tener hambre
to be surprised,sorprenderse
to be thirsty,tener sed
to become angry,enfadarse
to become bored,aburrirse
to become used to,acostumbrarse
to get angry,enojarse
to get bored,aburrirse
to get dressed,vestirse
to get ready,arreglarse
to get scared,asustarse
to get sick,enfermarse
to get tired,cansarse
to go on vacation,ir de vacaciones
to go to,ir a
to go to bed,acostarse
to have a good time,divertirse
to have to,tener que
toasted,tostado
toaster,tostador
tobacco shop,el estanco
tobacconist's,estanco
today,día de hoy
toe,el dedo del pie
toenail,uña del pie
together,juntos
toilet,el retrete
tolerate,tolerar
toll,el peaje
tomato,el tomate
tomb,tumba
tomorrow,mañana
tongue,la lengua
tonight,esta noche
too,también
too bad,¡qué malo
tool,herramienta
toolbox,la caja de herramientas
tooth,el diente
toothbrush,el cepillo de dientes
toothpaste,la pasta de dientes
top floor,Último piso
topic,tema
tornado,tornado
tortoise,tortuga
total,total
touch,tocar
tough,duro
tour,vuelta
tourist,turista
tournament,torneo
tow,remolcar
towards,hacia
towel,la toalla
tower,torre
town,pueblo
town hall,ayuntamiento
toxic,tóxico
toy,el juguete
tradition,tradición
traditional,tradicional
traffic,tráfico
traffic cop,el policía de tránsito
traffic light,el semáforo
train,el tren
train,tren
train,entrenar
train station,la estación de tren
trainee,aprendiz
trainers,zapatillas de deporte
training,el entrenamiento
transfer,transferir
transfer,trasbordo
transit,en tránsito
translate,traducir
translation,traducción
translator,traductor
transparent,transparente
transportation,transporte
trap,trampa
trash,basura
trashcan,el basurero
travel,viajar
travel agency,la agencia de viajes
travel agent,agente de viajes
traveler's check,cheque de viaje
tray,la bandeja
treasure,tesoro
treat,tratar
treatment,tratamiento
tree,el árbol
trial,prueba
triangle,triángulo
tribe,tribu
trick,truco
tricycle,el triciclo
trip,viaje
trolley,carrito
troops,tropas
trouble,el problema
troubles,problemas
trousers,los pantalones
trout,la trucha
truck,camión
true,cierto
trunk,el bañador
trunk,la trompa
trust,confiar en
trusted,de confianza
truth,la verdad
try,probar
try on,probarse
tuesday,martes
tulip,el tulipán
tuna,el atún
tunnel,el túnel
turkey,el pavo
turkey,turquía
turn,vuelta
turn,girar
turn down,bajar
turn off,apagar
turn on,encender
turn signals,las luces direccionales
turn up,poner el volumen más fuerte
turnip,el nabo
turnstile,el torniquete de entrada
turtle,la tortuga
turtleneck,cuello alto
tusk,el colmillo
tweezers,pinzas
twelfth,duodécimo
twelve,docena
twentieth,vigésimo
twenty,veinte
twice,dos veces
twin,gemelo
twist,retorcer
two,dos
type,tipo
type,escribir a máquina
typical,típico
typist,la mecanógrafo
tyrant,tirano
uk,reino unido
ugly,feo
ulcer,Úlcera
umbrella,el paraguas
uncle,el tío
under,bajo
under shorts,el calzoncillo
underestimate,subestimar
undergraduate,estudiante universitario
underground,subterráneo
underneath,debajo
undershirt,la camiseta
understand,entender
understanding,comprensivo
underwear,la ropa interior
unemployed,desempleado
unfit,estar en baja forma
unfortunately,desgraciadamente
unhygienic,antihigiénico
uniform,uniforme
union,sindicato
unique,Único
united states,los estados unidos
university,universidad
unknown,desconocido
unless,a menos que
unlucky,desafortunado
unripe,inmaduro
until,hasta que
unused,sin usar
up,arriba
update,actualizar
upload,cargar
upper,superior
upset,alterado
upset,molestar
upside down,al revés
upstairs,arriba
urgent,urgente
urinate,orinar
urine,la orina
us,nos
usa,ee
use,uso
use,usar
used,de segunda mano
used to,estar acostumbrado a
useful,Útil
usual,usual
usually,por lo general
vacation,vacaciones
vacation,vacación
vacationer,veraneante
vaccinate,vacunar
vacuum cleaner,la aspiradora
vagina,vagina
vague,vago
vain,en vano
valid,válido
valley,el valle
value,valor
valve,la válvula
van,furgoneta
variety,variedad
various,varios
vase,el jarrón
vcr,video
vegetables,las legumbres
vegetarian,veterinario
veil,velo
vein,la vena
verb,verbo
verify,verificar
verse,verso
version,versión
very,muy
very little,muy poco
very much,muchísimo
vest,el chaleco
vet,veterinario
veteran,veterano
via,vía
victim,víctima
victory,victoria
video camera,videocámara
videotape,cinta
view,vista
villa,casa de campo
village,pueblo
vine,la enredadera
vinegar,el vinagre
violence,violencia
violent,violento
violet,la violeta
violin,violín
vip,vip
virgin,virgen
virus,virus
visa,visado
visible,visible
visit,la visita
visit,visitar
visor,la visera
vitamin,vitamina
vocabulary,vocabulario
voice,voz
void,nulo
void,anular
volcano,volcán
volleyball,el voleibol
volunteer,voluntario
vomit,vomitar
vote,votar
vowel,vocal
vulgar,vulgar
wage,sueldo
waist,la cintura
wait,esperar
waiter,camarero
waiting room,sala de espera
waitress,la mesera
wake up,despertarse
walk,caminar
walk,un paseo
walk,dar un paseo
wall,muro
wallet,la cartera
want,querer
wanted,buscado por la policía
war,guerra
wardrobe,el guardarropa
warm,caliente
warm up,calentar
warn,avisar
warrior,guerrero
wash,lavar
washbasin,lavabo
washing machine,lavadora
wasp,avispa
waste,malgastar
waste bin,cubo de basura
watch,ver la tele
watch,el reloj de pulsera
watch,observar
watchmaker,relojero
water,agua
waterfall,cascada
watermelon,la sandía
wave,ola
wax,cera
way,manera
we,nosotros
weak,débil
wealth,riqueza
weapon,arma
wear,traer
weather,tiempo
website,sitio web
wedding,boda
week,semana
weekend,fin de semana
weep,llorar
weigh,pesar
weight,peso
weird,raro
welcome,acoger
weld,soldar
well,bien
well,pozo
west,oeste
wet,mojado
whale,la ballena
what,qué
wheel,la rueda
wheelchair,la silla de ruedas
when,cuando
whenever,cada vez
where,dónde
wherever,donde
which,cuál
while,mientras
whisper,susurrar
white,blanco
who,quién
whoever,quienquiera
whole,entero
whore,prostituta
whose,de quien
why,por que
wicked,malvado
wide,ancho
widow,viuda
width,anchura
wife,la mujer
wild,salvaje
win,ganar
wind,viento
wind,bobinar
window,la ventana
windshield,el parabrisas
windy,hace
wine,vino
wing,el ala
wink,hacer un guiño a alguien
winner,ganador
winter,invierno
wipe,limpiar
wire,alambre
wireless,radio
wisdom,sabiduría
wise,sabio
wish,deseo
wish,desear
witch,bruja
with,con
withdraw,retirar
within,dentro de
without,sin
witness,el testigo
witty,gracioso
wolf,el lobo
woman,mujer
wonder,preguntarse
wonderful,maravilloso
wood,madera
wooden,de madera
woodpecker,el pájaro carpintero
wool,lana
word,palabra
work,trabajo
work,trabajar
worker,trabajador
world,mundo
worm,gusano
worried,preocupado
worry,preocuparse
worse,peor
worship,adorar
worst,el peor
worthless,no valer nada
worthy,merecer
wound,herida
wounded,herido
wrap,el abrigo
wrench,la llave inglesa
wrestling,la lucha
wrinkle,arruga
wrist,la muñeca
write,escribir
writer,el escritor
writing,letra
wrong,estar equivocado
yacht,el yate
yard,jardín
yawn,bostezar
year,año
yeast,hez
yell,gritar
yellow,amarillo
yes,sí
yesterday,ayer
yet,todavía
you,tú
you,os
young,joven
your,tu
your,vuestro
your,su
your,su
youth,juventud
youth hostel,el albergue juvenil
zebra,la cebra
zero,cero
zip code,código postal
zipper,cremallera
zit,grano
zone,zona
zoo,zoológico
zoology,la zoología
zoom,zoom
